,name,price,url,brand,product_type
0,Miele køleskab K7733E indbygget | Elgiganten,55.9,https://www.elgiganten.dk/product/hvidevarer/koleskabe-fryseskabe/koleskab/miele-koleskab-k7733e-indbygget/321212,Miele,Køleskab
1,Samsung køleskab RR39C7AF5WW/EF | Elgiganten,4999.-,https://www.elgiganten.dk/product/hvidevarer/koleskabe-fryseskabe/koleskab/samsung-koleskab-rr39c7af5wwef/613859,Samsung,Køleskab
2,Miele køle-/fryseskab kombination KFN4797DD (rustfri stål) | Elgiganten,9444.-,https://www.elgiganten.dk/product/hvidevarer/koleskabe-fryseskabe/kolefryseskab/miele-kole-fryseskab-kombination-kfn4797dd-rustfri-stal/510707,Miele,Kølefryseskab
3,Bosch Køleskab KIR81SOE0 | Elgiganten,9799.-,https://www.elgiganten.dk/product/hvidevarer/koleskabe-fryseskabe/koleskab/bosch-koleskab-kir81soe0/617378,Bosch,Køleskab
4,BOSCH KIN86VSE0 Fridge/freezer | Elgiganten,7081.-,https://www.elgiganten.dk/product/hvidevarer/koleskabe-fryseskabe/kolefryseskab/bosch-kin86vse0-fridgefreezer/368760,Bosch,Kølefryseskab
5,Hisense side-by-side RS711N4ACE | Elgiganten,5799.-,https://www.elgiganten.dk/product/hvidevarer/koleskabe-fryseskabe/amerikanerkoleskab/hisense-side-by-side-rs711n4ace/630146,Hisense,Amerikanerkøleskab
6,Logik kølefryseskab LNF186W23E | Elgiganten,3499.-,https://www.elgiganten.dk/product/hvidevarer/koleskabe-fryseskabe/kolefryseskab/logik-kolefryseskab-lnf186w23e/591905,Logik,Kølefryseskab
7,Samsung fryser RZ32C7AEEWW/EF | Elgiganten,4999.-,https://www.elgiganten.dk/product/hvidevarer/koleskabe-fryseskabe/skabsfryser/samsung-fryser-rz32c7aeewwef/613880,Samsung,Skabsfryser
8,Samsung køle-/fryseskab RB33B610ESA/EF | Elgiganten,3499.-,https://www.elgiganten.dk/product/hvidevarer/koleskabe-fryseskabe/kolefryseskab/samsung-kole-fryseskab-rb33b610esaef/485476,Samsung,Kølefryseskab
9,Samsung fryser RZ32C7AEEB1/EF | Elgiganten,4999.-,https://www.elgiganten.dk/product/hvidevarer/koleskabe-fryseskabe/skabsfryser/samsung-fryser-rz32c7aeeb1ef/613862,Samsung,Skabsfryser
10,LG køle-/fryseskab GBM21HSADH | Elgiganten,3999.-,https://www.elgiganten.dk/product/hvidevarer/koleskabe-fryseskabe/kolefryseskab/lg-kole-fryseskab-gbm21hsadh/672033,LG,Kølefryseskab
11,Bosch indbygget køleskab KIF81HOD0 | Elgiganten,12599.-,https://www.elgiganten.dk/product/hvidevarer/koleskabe-fryseskabe/koleskab/bosch-indbygget-koleskab-kif81hod0/617377,Bosch,Køleskab
12,Epoq kølefryseskab EBF185DI23D | Elgiganten,5999.-,https://www.elgiganten.dk/product/hvidevarer/koleskabe-fryseskabe/kolefryseskab/epoq-kolefryseskab-ebf185di23d/626815,Epoq,Kølefryseskab
13,Epoq kølefryseskab EBF200DI23D | Elgiganten,6499.-,https://www.elgiganten.dk/product/hvidevarer/koleskabe-fryseskabe/kolefryseskab/epoq-kolefryseskab-ebf200di23d/626816,Epoq,Kølefryseskab
14,Miele køle-/fryseskab kombination KFN4395DD (hvid) | Elgiganten,6666.-,https://www.elgiganten.dk/product/hvidevarer/koleskabe-fryseskabe/kolefryseskab/miele-kole-fryseskab-kombination-kfn4395dd-hvid/539102,Miele,Kølefryseskab
15,Best Matic drikkevarekøler TBT-127183.1 | Elgiganten,3999.-,https://www.elgiganten.dk/product/hvidevarer/koleskabe-fryseskabe/minikoleskab/best-matic-drikkevarekoler-tbt-1271831/617347,Emerio,Minikøleskab
16,Indesit køleskab/fryser LI7S1EW (hvid) | Elgiganten,2777.-,https://www.elgiganten.dk/product/hvidevarer/koleskabe-fryseskabe/kolefryseskab/indesit-koleskabfryser-li7s1ew-hvid/297621,Indesit,Kølefryseskab
17,Miele køle-/fryseskab kombination KFN4395DD (rustfri stål) | Elgiganten,6999.-,https://www.elgiganten.dk/product/hvidevarer/koleskabe-fryseskabe/kolefryseskab/miele-kole-fryseskab-kombination-kfn4395dd-rustfri-stal/539100,Miele,Kølefryseskab
18,Bosch Køl/frys kombination KIV87SFE0 (Ikke) | Elgiganten,6335.-,https://www.elgiganten.dk/product/hvidevarer/koleskabe-fryseskabe/kolefryseskab/bosch-kolfrys-kombination-kiv87sfe0-ikke/306152,Bosch,Kølefryseskab
19,Whirlpool minikøleskab ADN140B | Elgiganten,4999.-,https://www.elgiganten.dk/product/hvidevarer/koleskabe-fryseskabe/minikoleskab/whirlpool-minikoleskab-adn140b/353626,Whirlpool,Minikøleskab
20,Logik fryser LTTF33W23E | Elgiganten,888.-,https://www.elgiganten.dk/product/hvidevarer/koleskabe-fryseskabe/skabsfryser/logik-fryser-lttf33w23e/633645,Logik,Skabsfryser
21,LG køle-/fryseskab GBM22HSADH | Elgiganten,4299.-,https://www.elgiganten.dk/product/hvidevarer/koleskabe-fryseskabe/kolefryseskab/lg-kole-fryseskab-gbm22hsadh/672032,LG,Kølefryseskab
22,Best Matic minikøleskab SDR-126618.4 | Elgiganten,1999.-,https://www.elgiganten.dk/product/hvidevarer/koleskabe-fryseskabe/minikoleskab/best-matic-minikoleskab-sdr-1266184/481441,BestMatic,Minikøleskab
23,Logik køleskab LUL48W23E | Elgiganten,949.-,https://www.elgiganten.dk/product/hvidevarer/koleskabe-fryseskabe/koleskab/logik-koleskab-lul48w23e/633639,Logik,Køleskab
24,Bosch Serie 6 fryseskab GSN58AWEV (70 cm bred) | Elgiganten,6499.-,https://www.elgiganten.dk/product/hvidevarer/koleskabe-fryseskabe/skabsfryser/bosch-serie-6-fryseskab-gsn58awev-70-cm-bred/140139,Bosch,Skabsfryser
25,Bosch køle-/fryseskab kombination KGN49VXCT (sort inox) | Elgiganten,7999.-,https://www.elgiganten.dk/product/hvidevarer/koleskabe-fryseskabe/kolefryseskab/bosch-kole-fryseskab-kombination-kgn49vxct-sort-inox/522088,Bosch,Kølefryseskab
26,Logik køle-/fryseskab LDD143W23E | Elgiganten,1888.-,https://www.elgiganten.dk/product/hvidevarer/koleskabe-fryseskabe/kolefryseskab/logik-kole-fryseskab-ldd143w23e/633640,Logik,Kølefryseskab
27,Logik kummefryser LCF95W23E | Elgiganten,999.-,https://www.elgiganten.dk/product/hvidevarer/koleskabe-fryseskabe/kummefryser/logik-kummefryser-lcf95w23e/633644,Logik,Kummefryser
28,Samsung kølefryseskab RB38C705DS9/EF | Elgiganten,6499.-,https://www.elgiganten.dk/product/hvidevarer/koleskabe-fryseskabe/kolefryseskab/samsung-kolefryseskab-rb38c705ds9ef/613869,Samsung,Kølefryseskab
29,Samsung køleskab RR39C7AF5B1/EF | Elgiganten,4999.-,https://www.elgiganten.dk/product/hvidevarer/koleskabe-fryseskabe/koleskab/samsung-koleskab-rr39c7af5b1ef/613870,Samsung,Køleskab
30,Temptech køleskab VINT1400RED | Elgiganten,1999.-,https://www.elgiganten.dk/product/hvidevarer/koleskabe-fryseskabe/minikoleskab/temptech-koleskab-vint1400red/355461,Temptech,Minikøleskab
31,Best Matic drikkevarekøler TBT-127183 | Elgiganten,3999.-,https://www.elgiganten.dk/product/hvidevarer/koleskabe-fryseskabe/minikoleskab/best-matic-drikkevarekoler-tbt-127183/617348,Emerio,Minikøleskab
32,Samsung side-by-side-kølefryseskab RH68B8841S9/EF | Elgiganten,10999.-,https://www.elgiganten.dk/product/hvidevarer/koleskabe-fryseskabe/amerikanerkoleskab/samsung-side-by-side-kolefryseskab-rh68b8841s9ef/459779,Samsung,Amerikanerkøleskab
33,Bosch køleskab KIF81HDD0 indbygget | Elgiganten,10949.-,https://www.elgiganten.dk/product/hvidevarer/koleskabe-fryseskabe/koleskab/bosch-koleskab-kif81hdd0-indbygget/204776,Bosch,Køleskab
34,Beko køleskab RSSE445M25WN | Elgiganten,2799.-,https://www.elgiganten.dk/product/hvidevarer/koleskabe-fryseskabe/koleskab/beko-koleskab-rsse445m25wn/202511,Beko,Køleskab
35,Logik fryser LUF48W23E | Elgiganten,1111.-,https://www.elgiganten.dk/product/hvidevarer/koleskabe-fryseskabe/skabsfryser/logik-fryser-luf48w23e/633635,Logik,Skabsfryser
36,Samsung kølefryseskab RB34C705CWW/EF | Elgiganten,6999.-,https://www.elgiganten.dk/product/hvidevarer/koleskabe-fryseskabe/kolefryseskab/samsung-kolefryseskab-rb34c705cwwef/613863,Samsung,Kølefryseskab
37,Samsung kølefryseskab RB33B610EWW/EF | Elgiganten,3499.-,https://www.elgiganten.dk/product/hvidevarer/koleskabe-fryseskabe/kolefryseskab/samsung-kolefryseskab-rb33b610ewwef/485477,Samsung,Kølefryseskab
38,Logik kummefryser LCF198W23E | Elgiganten,1499.-,https://www.elgiganten.dk/product/hvidevarer/koleskabe-fryseskabe/kummefryser/logik-kummefryser-lcf198w23e/633636,Logik,Kummefryser
39,Epoq kølefryseskab EBF185W23D | Elgiganten,5499.-,https://www.elgiganten.dk/product/hvidevarer/koleskabe-fryseskabe/kolefryseskab/epoq-kolefryseskab-ebf185w23d/626817,Epoq,Kølefryseskab
40,Logik minikøleskab LTTRF68X23E | Elgiganten,1111.-,https://www.elgiganten.dk/product/hvidevarer/koleskabe-fryseskabe/minikoleskab/logik-minikoleskab-lttrf68x23e/633648,Logik,Minikøleskab
41,Logik kummefryser LCF142W23E | Elgiganten,1299.-,https://www.elgiganten.dk/product/hvidevarer/koleskabe-fryseskabe/kummefryser/logik-kummefryser-lcf142w23e/633641,Logik,Kummefryser
42,Logik kummefryser LCF308W23E | Elgiganten,2999.-,https://www.elgiganten.dk/product/hvidevarer/koleskabe-fryseskabe/kummefryser/logik-kummefryser-lcf308w23e/633632,Logik,Kummefryser
43,Samsung fryser RZ32C7AEES9/EF | Elgiganten,4999.-,https://www.elgiganten.dk/product/hvidevarer/koleskabe-fryseskabe/skabsfryser/samsung-fryser-rz32c7aees9ef/613875,Samsung,Skabsfryser
44,Samsung køleskab RR39C7AF5S9/EF | Elgiganten,4999.-,https://www.elgiganten.dk/product/hvidevarer/koleskabe-fryseskabe/koleskab/samsung-koleskab-rr39c7af5s9ef/613864,Samsung,Køleskab
45,Beko fryser RFNE312L25WN | Elgiganten,3299.-,https://www.elgiganten.dk/product/hvidevarer/koleskabe-fryseskabe/skabsfryser/beko-fryser-rfne312l25wn/202512,Beko,Skabsfryser
46,Bosch Køl/frys kombination KIN86SDD0 | Elgiganten,11249.-,https://www.elgiganten.dk/product/hvidevarer/koleskabe-fryseskabe/kolefryseskab/bosch-kolfrys-kombination-kin86sdd0/617375,Bosch,Kølefryseskab
47,Epoq kølefryseskab EBF200W23D | Elgiganten,5999.-,https://www.elgiganten.dk/product/hvidevarer/koleskabe-fryseskabe/kolefryseskab/epoq-kolefryseskab-ebf200w23d/626818,Epoq,Kølefryseskab
48,Bosch Køl/frys kombination KIF87SDB0 | Elgiganten,12599.-,https://www.elgiganten.dk/product/hvidevarer/koleskabe-fryseskabe/kolefryseskab/bosch-kolfrys-kombination-kif87sdb0/617376,Bosch,Kølefryseskab
49,Miele køle-/fryseskab kombination KFN4797DD (hvid) | Elgiganten,8444.-,https://www.elgiganten.dk/product/hvidevarer/koleskabe-fryseskabe/kolefryseskab/miele-kole-fryseskab-kombination-kfn4797dd-hvid/494384,Miele,Kølefryseskab
50,Miele Køl/frys kombination KFN 4795 DD (CleanSteel) | Elgiganten,8888.-,https://www.elgiganten.dk/product/hvidevarer/koleskabe-fryseskabe/kolefryseskab/miele-kolfrys-kombination-kfn-4795-dd-cleansteel/539104,Miele,Kølefryseskab
51,Bosch indbygget fryser GIN81HCE0 | Elgiganten,10799.-,https://www.elgiganten.dk/product/hvidevarer/koleskabe-fryseskabe/skabsfryser/bosch-indbygget-fryser-gin81hce0/204790,Bosch,Skabsfryser
52,Miele kølefryseskab KD4072E ws | Elgiganten,5060.-,https://www.elgiganten.dk/product/hvidevarer/koleskabe-fryseskabe/kolefryseskab/miele-kolefryseskab-kd4072e-ws/494380,Miele,Kølefryseskab
53,Miele kølefryseskab KD4072E ws | Elgiganten,5060.-,https://www.elgiganten.dk/product/hvidevarer/koleskabe-fryseskabe/kolefryseskab/miele-kolefryseskab-kd4072e-ws/494380,Miele,Kølefryseskab
54,Miele kølefryseskab KD4072E ws | Elgiganten,5060.-,https://www.elgiganten.dk/product/hvidevarer/koleskabe-fryseskabe/kolefryseskab/miele-kolefryseskab-kd4072e-ws/494380,Miele,Kølefryseskab
55,Samsung side-by-side-kølefryseskab RH68B8541S9/EF | Elgiganten,10999.-,https://www.elgiganten.dk/product/hvidevarer/koleskabe-fryseskabe/amerikanerkoleskab/samsung-side-by-side-kolefryseskab-rh68b8541s9ef/455358,Samsung,Amerikanerkøleskab
56,Hisense Refrigerators RL528D4ECD (Grey metallic textured) | Elgiganten,8295.-,https://www.elgiganten.dk/product/hvidevarer/koleskabe-fryseskabe/koleskab/hisense-refrigerators-rl528d4ecd-grey-metallic-textured/687691,Hisense,Køleskab
57,LG opretstående fryser GFT61SWCSF (hvid) | Elgiganten,8999.-,https://www.elgiganten.dk/product/hvidevarer/koleskabe-fryseskabe/skabsfryser/lg-opretstaende-fryser-gft61swcsf-hvid/299093,LG,Skabsfryser
58,Samsung kølefryseskab RB34C705DB1/EF | Elgiganten,5499.-,https://www.elgiganten.dk/product/hvidevarer/koleskabe-fryseskabe/kolefryseskab/samsung-kolefryseskab-rb34c705db1ef/613879,Samsung,Kølefryseskab
59,LG køleskab GLM71MCCSF | Elgiganten,8999.-,https://www.elgiganten.dk/product/hvidevarer/koleskabe-fryseskabe/koleskab/lg-koleskab-glm71mccsf/299095,LG,Køleskab
60,LG kølefryseskab GBB71PZEGN | Elgiganten,9499.-,https://www.elgiganten.dk/product/hvidevarer/koleskabe-fryseskabe/kolefryseskab/lg-kolefryseskab-gbb71pzegn/432402,LG,Kølefryseskab
61,Matsui minifryser MTF34W18E | Elgiganten,999.-,https://www.elgiganten.dk/product/hvidevarer/koleskabe-fryseskabe/skabsfryser/matsui-minifryser-mtf34w18e/MTF34W18E,Matsui,Skabsfryser
62,Liebherr fryser SFNsfe 5227-20 001 | Elgiganten,10835.-,https://www.elgiganten.dk/product/hvidevarer/koleskabe-fryseskabe/skabsfryser/liebherr-fryser-sfnsfe-5227-20-001/469370,Liebherr,Skabsfryser
63,Logik kølefryseskab LNF180T23E | Elgiganten,2999.-,https://www.elgiganten.dk/product/hvidevarer/koleskabe-fryseskabe/kolefryseskab/logik-kolefryseskab-lnf180t23e/591904,Logik,Kølefryseskab
64,Logik kølefryseskab LNF180W23E | Elgiganten,2595.-,https://www.elgiganten.dk/product/hvidevarer/koleskabe-fryseskabe/kolefryseskab/logik-kolefryseskab-lnf180w23e/591902,Logik,Kølefryseskab
65,Samsung kølefryseskab RB34C705DS9/EF | Elgiganten,5499.-,https://www.elgiganten.dk/product/hvidevarer/koleskabe-fryseskabe/kolefryseskab/samsung-kolefryseskab-rb34c705ds9ef/613881,Samsung,Kølefryseskab
66,Samsung kølefryseskab RB34C705DWW/EF | Elgiganten,4999.-,https://www.elgiganten.dk/product/hvidevarer/koleskabe-fryseskabe/kolefryseskab/samsung-kolefryseskab-rb34c705dwwef/613871,Samsung,Kølefryseskab
67,Dometic køleboks DCFF45 | Elgiganten,5591.-,https://www.elgiganten.dk/product/hvidevarer/koleskabe-fryseskabe/koletaske-og-koleboks/dometic-koleboks-dcff45/277673,Dometic,Køletaske og køleboks
68,Bosch Fryser GSN36CWEP (Hvid) | Elgiganten,8999.-,https://www.elgiganten.dk/product/hvidevarer/koleskabe-fryseskabe/skabsfryser/bosch-fryser-gsn36cwep-hvid/605480,Bosch,Skabsfryser
69,Logik køle/fryseskab LNF186T23E | Elgiganten,3499.-,https://www.elgiganten.dk/product/hvidevarer/koleskabe-fryseskabe/kolefryseskab/logik-kolefryseskab-lnf186t23e/591897,Logik,Kølefryseskab
70,LG kølefryseskab GBB72MCEGN | Elgiganten,10499.-,https://www.elgiganten.dk/product/hvidevarer/koleskabe-fryseskabe/kolefryseskab/lg-kolefryseskab-gbb72mcegn/432388,LG,Kølefryseskab
71,Bosch Køleskab KSV36FWDP | Elgiganten,3999.-,https://www.elgiganten.dk/product/hvidevarer/koleskabe-fryseskabe/koleskab/bosch-koleskab-ksv36fwdp/605477,Bosch,Køleskab
72,Gram Fresh 3000 køleskab KS3215931 | Elgiganten,2999.-,https://www.elgiganten.dk/product/hvidevarer/koleskabe-fryseskabe/koleskab/gram-fresh-3000-koleskab-ks3215931/195911,Gram,Køleskab
73,Dometic CombiCool køleboks DCCACX330 | Elgiganten,2699.-,https://www.elgiganten.dk/product/hvidevarer/koleskabe-fryseskabe/koletaske-og-koleboks/dometic-combicool-koleboks-dccacx330/294804,Dometic,Køletaske og køleboks
74,LG kølefryseskab GBP62SWNAC | Elgiganten,12999.-,https://www.elgiganten.dk/product/hvidevarer/koleskabe-fryseskabe/kolefryseskab/lg-kolefryseskab-gbp62swnac/603774,LG,Kølefryseskab
75,LG frysekøleskab GBB71SWEGN | Elgiganten,8999.-,https://www.elgiganten.dk/product/hvidevarer/koleskabe-fryseskabe/kolefryseskab/lg-frysekoleskab-gbb71swegn/432399,LG,Kølefryseskab
76,Indesit køleskab/fryser CAA551 (hvid) | Elgiganten,3299.-,https://www.elgiganten.dk/product/hvidevarer/koleskabe-fryseskabe/kolefryseskab/indesit-koleskabfryser-caa551-hvid/355409,Indesit,Kølefryseskab
77,Samsung fryser BRZ22720DWW integreret | Elgiganten,11760.-,https://www.elgiganten.dk/product/hvidevarer/koleskabe-fryseskabe/skabsfryser/samsung-fryser-brz22720dww-integreret/586715,Samsung,Skabsfryser
78,Bosch Køl/frys kombination KBN96SDD0 | Elgiganten,10199.-,https://www.elgiganten.dk/product/hvidevarer/koleskabe-fryseskabe/kolefryseskab/bosch-kolfrys-kombination-kbn96sdd0/673690,Bosch,Kølefryseskab
79,LG opretstående fryser GFM61MCCSF (matte black) | Elgiganten,9999.-,https://www.elgiganten.dk/product/hvidevarer/koleskabe-fryseskabe/skabsfryser/lg-opretstaende-fryser-gfm61mccsf-matte-black/299098,LG,Skabsfryser
80,Samsung kølefryseskab RB34C705CS9/EF | Elgiganten,7499.-,https://www.elgiganten.dk/product/hvidevarer/koleskabe-fryseskabe/kolefryseskab/samsung-kolefryseskab-rb34c705cs9ef/613874,Samsung,Kølefryseskab
81,Samsung køle-/fryseskab RB33B610EBN/EF | Elgiganten,3499.-,https://www.elgiganten.dk/product/hvidevarer/koleskabe-fryseskabe/kolefryseskab/samsung-kole-fryseskab-rb33b610ebnef/485479,Samsung,Kølefryseskab
82,LG køleskab GLT71SWCSF | Elgiganten,7999.-,https://www.elgiganten.dk/product/hvidevarer/koleskabe-fryseskabe/koleskab/lg-koleskab-glt71swcsf/299102,LG,Køleskab
83,Indesit fryseskab UI8F1CW1 | Elgiganten,7719.-,https://www.elgiganten.dk/product/hvidevarer/koleskabe-fryseskabe/skabsfryser/indesit-fryseskab-ui8f1cw1/297619,Indesit,Skabsfryser
84,LG opretstående fryser GFM61MBCSF (metal sorbet) | Elgiganten,9999.-,https://www.elgiganten.dk/product/hvidevarer/koleskabe-fryseskabe/skabsfryser/lg-opretstaende-fryser-gfm61mbcsf-metal-sorbet/299104,LG,Skabsfryser
85,Logik køle-/fryseskab LDD115W23E | Elgiganten,1799.-,https://www.elgiganten.dk/product/hvidevarer/koleskabe-fryseskabe/kolefryseskab/logik-kole-fryseskab-ldd115w23e/633646,Logik,Kølefryseskab
86,Dometic Cool-Ice køleboks DCI70 | Elgiganten,2741.-,https://www.elgiganten.dk/product/hvidevarer/koleskabe-fryseskabe/koletaske-og-koleboks/dometic-cool-ice-koleboks-dci70/174778,Dometic,Køletaske og køleboks
87,Logik køle/fryseskab LS186W23E | Elgiganten,2499.-,https://www.elgiganten.dk/product/hvidevarer/koleskabe-fryseskabe/kolefryseskab/logik-kolefryseskab-ls186w23e/591900,Logik,Kølefryseskab
88,LG frysekøleskab GBB72SWEGN | Elgiganten,9999.-,https://www.elgiganten.dk/product/hvidevarer/koleskabe-fryseskabe/kolefryseskab/lg-frysekoleskab-gbb72swegn/432401,LG,Kølefryseskab
89,Whirlpool fryser UW8F2YWBIF2 | Elgiganten,4996.-,https://www.elgiganten.dk/product/hvidevarer/koleskabe-fryseskabe/skabsfryser/whirlpool-fryser-uw8f2ywbif2/207679,Whirlpool,Skabsfryser
90,Samsung kølefryseskab RB34C705CB1/EF | Elgiganten,7499.-,https://www.elgiganten.dk/product/hvidevarer/koleskabe-fryseskabe/kolefryseskab/samsung-kolefryseskab-rb34c705cb1ef/613878,Samsung,Kølefryseskab
91,Logik fryser LTF185W23E | Elgiganten,4999.-,https://www.elgiganten.dk/product/hvidevarer/koleskabe-fryseskabe/skabsfryser/logik-fryser-ltf185w23e/645889,Logik,Skabsfryser
92,Liebherr Comfort fryser GP 1213-21 057 | Elgiganten,2222.-,https://www.elgiganten.dk/product/hvidevarer/koleskabe-fryseskabe/skabsfryser/liebherr-comfort-fryser-gp-1213-21-057/195775,Liebherr,Skabsfryser
93,Scandomestic fryser SFS 56 W | Elgiganten,1445.-,https://www.elgiganten.dk/product/hvidevarer/koleskabe-fryseskabe/skabsfryser/scandomestic-fryser-sfs-56-w/637313,Scandomestic,Skabsfryser
94,LG køleskab GLM71MBCSF | Elgiganten,8999.-,https://www.elgiganten.dk/product/hvidevarer/koleskabe-fryseskabe/koleskab/lg-koleskab-glm71mbcsf/299096,LG,Køleskab
95,Hisense Freezers FV358N4ECD (Grey metallic textured) | Elgiganten,7499.-,https://www.elgiganten.dk/product/hvidevarer/koleskabe-fryseskabe/skabsfryser/hisense-freezers-fv358n4ecd-grey-metallic-textured/687690,Hisense,Skabsfryser
96,Whirlpool kølefryseskab WNF 821 E W | Elgiganten,4242.-,https://www.elgiganten.dk/product/hvidevarer/koleskabe-fryseskabe/kolefryseskab/whirlpool-kolefryseskab-wnf-821-e-w/456345,Whirlpool,Kølefryseskab
97,LG frysekøleskab GBB71MCEGN | Elgiganten,9499.-,https://www.elgiganten.dk/product/hvidevarer/koleskabe-fryseskabe/kolefryseskab/lg-frysekoleskab-gbb71mcegn/432385,LG,Kølefryseskab
98,Samsung kølefryseskab RB38C705DWW/EF | Elgiganten,5999.-,https://www.elgiganten.dk/product/hvidevarer/koleskabe-fryseskabe/kolefryseskab/samsung-kolefryseskab-rb38c705dwwef/613868,Samsung,Kølefryseskab
99,Whirlpool  minikøleskab ADN140W | Elgiganten,5158.-,https://www.elgiganten.dk/product/hvidevarer/koleskabe-fryseskabe/minikoleskab/whirlpool-minikoleskab-adn140w/295799,Whirlpool,Minikøleskab
100,Bosch Fryser GIV11AFE0 (N/A) | Elgiganten,4718.-,https://www.elgiganten.dk/product/hvidevarer/koleskabe-fryseskabe/skabsfryser/bosch-fryser-giv11afe0-na/204830,Bosch,Skabsfryser
101,Mobicool køleboks MCG15 | Elgiganten,2976.-,https://www.elgiganten.dk/product/hvidevarer/koleskabe-fryseskabe/koletaske-og-koleboks/mobicool-koleboks-mcg15/398272,MOBICOOL,Køletaske og køleboks
102,Samsung kølefryseskab RB34T602ESA/EF | Elgiganten,6315.-,https://www.elgiganten.dk/product/hvidevarer/koleskabe-fryseskabe/kolefryseskab/samsung-kolefryseskab-rb34t602esaef/613866,Samsung,Kølefryseskab
103,Electolux Fryser LUT5NE28U2 (Stål) | Elgiganten,9499.-,https://www.elgiganten.dk/product/hvidevarer/koleskabe-fryseskabe/skabsfryser/electolux-fryser-lut5ne28u2-stal/626813,Electrolux,Skabsfryser
104,Electrolux Kølefryseskab LNT3LF34W0 | Elgiganten,7099.-,https://www.elgiganten.dk/product/hvidevarer/koleskabe-fryseskabe/kolefryseskab/electrolux-kolefryseskab-lnt3lf34w0/496905,Electrolux,Kølefryseskab
105,LG køleskab GLM71MCCSX | Elgiganten,10999.-,https://www.elgiganten.dk/product/hvidevarer/koleskabe-fryseskabe/koleskab/lg-koleskab-glm71mccsx/299101,LG,Køleskab
106,Electrolux Køl/frys kombination ENP7TD75S | Elgiganten,15999.-,https://www.elgiganten.dk/product/hvidevarer/koleskabe-fryseskabe/kolefryseskab/electrolux-kolfrys-kombination-enp7td75s/624867,Electrolux,Kølefryseskab
107,Temptech minikøleskab VINT450RED | Elgiganten,999.-,https://www.elgiganten.dk/product/hvidevarer/koleskabe-fryseskabe/minikoleskab/temptech-minikoleskab-vint450red/355466,Temptech,Minikøleskab
108,Samsung køleskab RR39C7EC6B1/EF | Elgiganten,10999.-,https://www.elgiganten.dk/product/hvidevarer/koleskabe-fryseskabe/koleskab/samsung-koleskab-rr39c7ec6b1ef/613872,Samsung,Køleskab
109,Siemens Fryser GI81NVEE0 Integreret | Elgiganten,14799.-,https://www.elgiganten.dk/product/hvidevarer/koleskabe-fryseskabe/skabsfryser/siemens-fryser-gi81nvee0-integreret/755947,Siemens,Skabsfryser
110,LG køle-/fryseskab GBP31SWLZN (hvid) | Elgiganten,4999.-,https://www.elgiganten.dk/product/hvidevarer/koleskabe-fryseskabe/kolefryseskab/lg-kole-fryseskab-gbp31swlzn-hvid/46211,LG,Kølefryseskab
111,Miele køleskab KS4783ED cs N | Elgiganten,9292.-,https://www.elgiganten.dk/product/hvidevarer/koleskabe-fryseskabe/koleskab/miele-koleskab-ks4783ed-cs-n/494395,Miele,Køleskab
112,Miele fryser FNS4782EwsNEU2 | Elgiganten,11395.-,https://www.elgiganten.dk/product/hvidevarer/koleskabe-fryseskabe/skabsfryser/miele-fryser-fns4782ewsneu2/494389,Miele,Skabsfryser
113,Miele kølefryseskab KD4052EelActiveEU1 | Elgiganten,6234.-,https://www.elgiganten.dk/product/hvidevarer/koleskabe-fryseskabe/kolefryseskab/miele-kolefryseskab-kd4052eelactiveeu1/494387,Miele,Kølefryseskab
114,LG kølefryseskab GBV7180CPY | Elgiganten,9899.-,https://www.elgiganten.dk/product/hvidevarer/koleskabe-fryseskabe/kolefryseskab/lg-kolefryseskab-gbv7180cpy/603776,LG,Kølefryseskab
115,Electrolux køleskab LXB1SE11W0 | Elgiganten,1999.-,https://www.elgiganten.dk/product/hvidevarer/koleskabe-fryseskabe/koleskab/electrolux-koleskab-lxb1se11w0/194057,Electrolux,Køleskab
116,LG køleskab GLT71SWCSX | Elgiganten,9999.-,https://www.elgiganten.dk/product/hvidevarer/koleskabe-fryseskabe/koleskab/lg-koleskab-glt71swcsx/299106,LG,Køleskab
117,Ukonic Minecraft Creeper Blok Mini Køleskab | Elgiganten,799.-,https://www.elgiganten.dk/product/hvidevarer/koleskabe-fryseskabe/minikoleskab/ukonic-minecraft-creeper-blok-mini-koleskab/697949,UKONIC,Minikøleskab
118,Mobicool Holiday køletaske MOBICOOLH14 | Elgiganten,79.-,https://www.elgiganten.dk/product/hvidevarer/koleskabe-fryseskabe/koletaske-og-koleboks/mobicool-holiday-koletaske-mobicoolh14/294798,MOBICOOL,Køletaske og køleboks
119,Dometic CombiCool køleboks DCCACX340 | Elgiganten,2899.-,https://www.elgiganten.dk/product/hvidevarer/koleskabe-fryseskabe/koletaske-og-koleboks/dometic-combicool-koleboks-dccacx340/294827,Dometic,Køletaske og køleboks
120,Electrolux Køl/frys kombination LNT5NE33W3 (Hvid) | Elgiganten,59.5,https://www.elgiganten.dk/product/hvidevarer/koleskabe-fryseskabe/kolefryseskab/electrolux-kolfrys-kombination-lnt5ne33w3-hvid/538053,Electrolux,Kølefryseskab
121,Electrolux Køl/frys kombination LNT5NE33W3 (Hvid) | Elgiganten,6999.-,https://www.elgiganten.dk/product/hvidevarer/koleskabe-fryseskabe/kolefryseskab/electrolux-kolfrys-kombination-lnt5ne33w3-hvid/538053,Electrolux,Kølefryseskab
122,Electrolux kølefryseskab LNT4TE33W2 | Elgiganten,5895.-,https://www.elgiganten.dk/product/hvidevarer/koleskabe-fryseskabe/kolefryseskab/electrolux-kolefryseskab-lnt4te33w2/222652,Electrolux,Kølefryseskab
123,Dometic TropiCool køleboks DTCX21 | Elgiganten,1799.-,https://www.elgiganten.dk/product/hvidevarer/koleskabe-fryseskabe/koletaske-og-koleboks/dometic-tropicool-koleboks-dtcx21/277674,Dometic,Køletaske og køleboks
124,LG side-by-side kølefryseskab GSGV80EPLD | Elgiganten,16495.-,https://www.elgiganten.dk/product/hvidevarer/koleskabe-fryseskabe/amerikanerkoleskab/lg-side-by-side-kolefryseskab-gsgv80epld/603762,LG,Amerikanerkøleskab
125,Logik køle/fryseskab L113CW23E | Elgiganten,1999.-,https://www.elgiganten.dk/product/hvidevarer/koleskabe-fryseskabe/kolefryseskab/logik-kolefryseskab-l113cw23e/591898,Logik,Kølefryseskab
126,Hisense side-by-side kølefryseskab RS711N4WCE | Elgiganten,12995.-,https://www.elgiganten.dk/product/hvidevarer/koleskabe-fryseskabe/amerikanerkoleskab/hisense-side-by-side-kolefryseskab-rs711n4wce/614571,Hisense,Amerikanerkøleskab
127,Logik køleskab LTR143W23E | Elgiganten,1999.-,https://www.elgiganten.dk/product/hvidevarer/koleskabe-fryseskabe/koleskab/logik-koleskab-ltr143w23e/645887,Logik,Køleskab
128,Edward minikøleskab 81914464 | Elgiganten,3999.-,https://www.elgiganten.dk/product/hvidevarer/koleskabe-fryseskabe/minikoleskab/edward-minikoleskab-81914464/498771,Edward,Minikøleskab
129,Marshall køleskab m/fryseboks MF44BLKEU | Elgiganten,4299.-,https://www.elgiganten.dk/product/hvidevarer/koleskabe-fryseskabe/minikoleskab/marshall-koleskab-mfryseboks-mf44blkeu/195914,Marshall,Minikøleskab
130,Bosch Køl/frys kombination KIV865SE0 | Elgiganten,6649.-,https://www.elgiganten.dk/product/hvidevarer/koleskabe-fryseskabe/kolefryseskab/bosch-kolfrys-kombination-kiv865se0/673696,Bosch,Kølefryseskab
131,Dometic køleboks DCFF20 | Elgiganten,4199.-,https://www.elgiganten.dk/product/hvidevarer/koleskabe-fryseskabe/koletaske-og-koleboks/dometic-koleboks-dcff20/277670,Dometic,Køletaske og køleboks
132,Edward minikøleskab 81914460 | Elgiganten,3331.-,https://www.elgiganten.dk/product/hvidevarer/koleskabe-fryseskabe/minikoleskab/edward-minikoleskab-81914460/498746,Edward,Minikøleskab
133,Edward minikøleskab 81914463 | Elgiganten,3969.-,https://www.elgiganten.dk/product/hvidevarer/koleskabe-fryseskabe/minikoleskab/edward-minikoleskab-81914463/498775,Edward,Minikøleskab
134,Mobicool Coca Cola Classic 20 rygsæk MOBICOOLCCCBP20 (rød) | Elgiganten,199.-,https://www.elgiganten.dk/product/hvidevarer/koleskabe-fryseskabe/koletaske-og-koleboks/mobicool-coca-cola-classic-20-rygsak-mobicoolcccbp20-rod/294803,MOBICOOL,Køletaske og køleboks
135,Smeg 50 s Style kølefryseskab FAB50RPG5 (pastelgrøn) | Elgiganten,26995.-,https://www.elgiganten.dk/product/hvidevarer/koleskabe-fryseskabe/kolefryseskab/smeg-50-s-style-kolefryseskab-fab50rpg5-pastelgron/292457,Smeg,Kølefryseskab
136,Dometic Cool-Ice køleboks DCI42G | Elgiganten,2399.-,https://www.elgiganten.dk/product/hvidevarer/koleskabe-fryseskabe/koletaske-og-koleboks/dometic-cool-ice-koleboks-dci42g/24213,Dometic,Køletaske og køleboks
137,Edward minikøleskab 81914455 | Elgiganten,4999.-,https://www.elgiganten.dk/product/hvidevarer/koleskabe-fryseskabe/minikoleskab/edward-minikoleskab-81914455/498754,Edward,Minikøleskab
138,Whirlpool kummefryser W390FO | Elgiganten,4499.-,https://www.elgiganten.dk/product/hvidevarer/koleskabe-fryseskabe/kummefryser/whirlpool-kummefryser-w390fo/157152,Whirlpool,Kummefryser
139,Beko fryser BU1203N indbygget | Elgiganten,3299.-,https://www.elgiganten.dk/product/hvidevarer/koleskabe-fryseskabe/skabsfryser/beko-fryser-bu1203n-indbygget/195880,Beko,Skabsfryser
140,Samsung køle-/fryseskab RB33B612EBN/EF | Elgiganten,7499.-,https://www.elgiganten.dk/product/hvidevarer/koleskabe-fryseskabe/kolefryseskab/samsung-kole-fryseskab-rb33b612ebnef/485475,Samsung,Kølefryseskab
141,Mobicool Coca Cola Classic 14 blød køletaske MOBICOOLCCC14 (rød) | Elgiganten,99.-,https://www.elgiganten.dk/product/hvidevarer/koleskabe-fryseskabe/koletaske-og-koleboks/mobicool-coca-cola-classic-14-blod-koletaske-mobicoolccc14-rod/294811,MOBICOOL,Køletaske og køleboks
142,LG side-by-side GSXV91MCAE | Elgiganten,16321.-,https://www.elgiganten.dk/product/hvidevarer/koleskabe-fryseskabe/amerikanerkoleskab/lg-side-by-side-gsxv91mcae/432379,LG,Amerikanerkøleskab
143,Hisense køleskab RL528D4ECE | Elgiganten,5499.-,https://www.elgiganten.dk/product/hvidevarer/koleskabe-fryseskabe/koleskab/hisense-koleskab-rl528d4ece/443149,Hisense,Køleskab
144,Dometic Cool-Ice køleboks DWCI33 | Elgiganten,1432.-,https://www.elgiganten.dk/product/hvidevarer/koleskabe-fryseskabe/koletaske-og-koleboks/dometic-cool-ice-koleboks-dwci33/174793,Dometic,Køletaske og køleboks
145,Liebherr køleskab RBe 5220-20 001 | Elgiganten,8812.-,https://www.elgiganten.dk/product/hvidevarer/koleskabe-fryseskabe/koleskab/liebherr-koleskab-rbe-5220-20-001/469332,Liebherr,Køleskab
146,Whirlpool fryser UW8F1CWHBNF1 | Elgiganten,3999.-,https://www.elgiganten.dk/product/hvidevarer/koleskabe-fryseskabe/skabsfryser/whirlpool-fryser-uw8f1cwhbnf1/207673,Whirlpool,Skabsfryser
147,LG side-by-side kølefryseskab GSXV91MBAE | Elgiganten,21495.-,https://www.elgiganten.dk/product/hvidevarer/koleskabe-fryseskabe/amerikanerkoleskab/lg-side-by-side-kolefryseskab-gsxv91mbae/603765,LG,Amerikanerkøleskab
148,Miele kølefryseskab KD4072E el | Elgiganten,5371.-,https://www.elgiganten.dk/product/hvidevarer/koleskabe-fryseskabe/kolefryseskab/miele-kolefryseskab-kd4072e-el/494377,Miele,Kølefryseskab
149,Whirlpool kummefryser WHE31331 | Elgiganten,3299.-,https://www.elgiganten.dk/product/hvidevarer/koleskabe-fryseskabe/kummefryser/whirlpool-kummefryser-whe31331/28057,Whirlpool,Kummefryser
150,Dometic TropiCool køleboks DTCX14 | Elgiganten,1720.-,https://www.elgiganten.dk/product/hvidevarer/koleskabe-fryseskabe/koletaske-og-koleboks/dometic-tropicool-koleboks-dtcx14/277669,Dometic,Køletaske og køleboks
151,Mobicool Coca Cola Fresh 15 blød køletaske MOBICOOLCCF15 | Elgiganten,149.-,https://www.elgiganten.dk/product/hvidevarer/koleskabe-fryseskabe/koletaske-og-koleboks/mobicool-coca-cola-fresh-15-blod-koletaske-mobicoolccf15/294805,MOBICOOL,Køletaske og køleboks
152,Electrolux køleskab LRB3DE18S indbygget | Elgiganten,7381.-,https://www.elgiganten.dk/product/hvidevarer/koleskabe-fryseskabe/koleskab/electrolux-koleskab-lrb3de18s-indbygget/174874,Electrolux,Køleskab
153,Whirlpool køleskab SW8AM2YWR2 | Elgiganten,5999.-,https://www.elgiganten.dk/product/hvidevarer/koleskabe-fryseskabe/koleskab/whirlpool-koleskab-sw8am2ywr2/207680,Whirlpool,Køleskab
154,LG kølefryseskab GBV5240DSW | Elgiganten,9499.-,https://www.elgiganten.dk/product/hvidevarer/koleskabe-fryseskabe/kolefryseskab/lg-kolefryseskab-gbv5240dsw/603767,LG,Kølefryseskab
155,Electrolux 600 Pro kølefryseskab LNT5NE33X3 (Stål) | Elgiganten,7499.-,https://www.elgiganten.dk/product/hvidevarer/koleskabe-fryseskabe/kolefryseskab/electrolux-600-pro-kolefryseskab-lnt5ne33x3-stal/533276,Electrolux,Kølefryseskab
156,Bosch Køl/frys kombination KIV86VFE1 (N/A) | Elgiganten,5781.-,https://www.elgiganten.dk/product/hvidevarer/koleskabe-fryseskabe/kolefryseskab/bosch-kolfrys-kombination-kiv86vfe1-na/498115,Bosch,Kølefryseskab
157,Hisense køleskab RIL391D4AWF indbygget | Elgiganten,3499.-,https://www.elgiganten.dk/product/hvidevarer/koleskabe-fryseskabe/koleskab/hisense-koleskab-ril391d4awf-indbygget/301066,Hisense,Køleskab
158,Hisense kølefryseskab RB434N4BWE1 | Elgiganten,5499.-,https://www.elgiganten.dk/product/hvidevarer/koleskabe-fryseskabe/kolefryseskab/hisense-kolefryseskab-rb434n4bwe1/443300,Hisense,Kølefryseskab
159,LG kølefryseskab GBB61PZJMN (sølv) | Elgiganten,6499.-,https://www.elgiganten.dk/product/hvidevarer/koleskabe-fryseskabe/kolefryseskab/lg-kolefryseskab-gbb61pzjmn-solv/299087,LG,Kølefryseskab
160,LG kølefryseskab GBB61PZJMN (sølv) | Elgiganten,6499.-,https://www.elgiganten.dk/product/hvidevarer/koleskabe-fryseskabe/kolefryseskab/lg-kolefryseskab-gbb61pzjmn-solv/299087,LG,Kølefryseskab
161,Edward minikøleskab 81914454 | Elgiganten,3269.-,https://www.elgiganten.dk/product/hvidevarer/koleskabe-fryseskabe/minikoleskab/edward-minikoleskab-81914454/498778,Edward,Minikøleskab
162,Electrolux Køl/frys kombination ENG7TE18S | Elgiganten,5999.-,https://www.elgiganten.dk/product/hvidevarer/koleskabe-fryseskabe/kolefryseskab/electrolux-kolfrys-kombination-eng7te18s/608686,Electrolux,Kølefryseskab
163,Liebherr køleskab RBsfe 5220-20 001 | Elgiganten,11190.-,https://www.elgiganten.dk/product/hvidevarer/koleskabe-fryseskabe/koleskab/liebherr-koleskab-rbsfe-5220-20-001/469311,Liebherr,Køleskab
164,Gram Fresh 4000 fryseskab FC444186N1 | Elgiganten,5999.-,https://www.elgiganten.dk/product/hvidevarer/koleskabe-fryseskabe/skabsfryser/gram-fresh-4000-fryseskab-fc444186n1/218600,Gram,Skabsfryser
165,Whirlpool kummefryser WHE 4602 | Elgiganten,6895.-,https://www.elgiganten.dk/product/hvidevarer/koleskabe-fryseskabe/kummefryser/whirlpool-kummefryser-whe-4602/731511,Whirlpool,Kummefryser
166,Miele køleskab KS4885DDedt/csNEU2 | Elgiganten,16495.-,https://www.elgiganten.dk/product/hvidevarer/koleskabe-fryseskabe/koleskab/miele-koleskab-ks4885ddedtcsneu2/494396,Miele,Køleskab
167,Samsung køle-/fryseskab RB33B612EWW/EF | Elgiganten,6999.-,https://www.elgiganten.dk/product/hvidevarer/koleskabe-fryseskabe/kolefryseskab/samsung-kole-fryseskab-rb33b612ewwef/485481,Samsung,Kølefryseskab
168,Delonghi side-by-side køleskab DSBSX23E | Elgiganten,8999.-,https://www.elgiganten.dk/product/hvidevarer/koleskabe-fryseskabe/amerikanerkoleskab/delonghi-side-by-side-koleskab-dsbsx23e/645888,Delonghi,Amerikanerkøleskab
169,Logik kummefryser LCF420W23E | Elgiganten,3333.-,https://www.elgiganten.dk/product/hvidevarer/koleskabe-fryseskabe/kummefryser/logik-kummefryser-lcf420w23e/633643,Logik,Kummefryser
170,Electrolux kølefryseskab LNS5LE18S (Hvid) | Elgiganten,5389.-,https://www.elgiganten.dk/product/hvidevarer/koleskabe-fryseskabe/kolefryseskab/electrolux-kolefryseskab-lns5le18s-hvid/599739,Electrolux,Kølefryseskab
171,Bosch Køl/frys kombination KIV86VSE0 | Elgiganten,6659.-,https://www.elgiganten.dk/product/hvidevarer/koleskabe-fryseskabe/kolefryseskab/bosch-kolfrys-kombination-kiv86vse0/498103,Bosch,Kølefryseskab
172,Electrolux Køleskab LRT5ME38W2 (Hvid) | Elgiganten,7999.-,https://www.elgiganten.dk/product/hvidevarer/koleskabe-fryseskabe/koleskab/electrolux-koleskab-lrt5me38w2-hvid/626811,Electrolux,Køleskab
173,Whirlpool fryser WVA35642 NFW 2 | Elgiganten,5499.-,https://www.elgiganten.dk/product/hvidevarer/koleskabe-fryseskabe/skabsfryser/whirlpool-fryser-wva35642-nfw-2/530124,Whirlpool,Skabsfryser
174,Miele kølefryseskab KFN4394ED el | Elgiganten,7868.-,https://www.elgiganten.dk/product/hvidevarer/koleskabe-fryseskabe/kolefryseskab/miele-kolefryseskab-kfn4394ed-el/494393,Miele,Kølefryseskab
175,LG Køl/frys kombination GBV7280AEV | Elgiganten,15499.-,https://www.elgiganten.dk/product/hvidevarer/koleskabe-fryseskabe/kolefryseskab/lg-kolfrys-kombination-gbv7280aev/672025,LG,Kølefryseskab
176,LG køle/fryseskab GBP62MCNAC | Elgiganten,13499.-,https://www.elgiganten.dk/product/hvidevarer/koleskabe-fryseskabe/kolefryseskab/lg-kolefryseskab-gbp62mcnac/603779,LG,Kølefryseskab
177,Whirlpool kølefryseskab WNFD 821 E W | Elgiganten,4499.-,https://www.elgiganten.dk/product/hvidevarer/koleskabe-fryseskabe/kolefryseskab/whirlpool-kolefryseskab-wnfd-821-e-w/642743,Whirlpool,Kølefryseskab
178,Miele fryser FNS4782Eedt/csNEU2 | Elgiganten,12395.-,https://www.elgiganten.dk/product/hvidevarer/koleskabe-fryseskabe/skabsfryser/miele-fryser-fns4782eedtcsneu2/494376,Miele,Skabsfryser
179,LG kølefryseskab ELB81MCVCP1 | Elgiganten,9999.-,https://www.elgiganten.dk/product/hvidevarer/koleskabe-fryseskabe/kolefryseskab/lg-kolefryseskab-elb81mcvcp1/432389,LG,Kølefryseskab
180,LG Køl/frys kombination GBV7280AMB | Elgiganten,14999.-,https://www.elgiganten.dk/product/hvidevarer/koleskabe-fryseskabe/kolefryseskab/lg-kolfrys-kombination-gbv7280amb/672026,LG,Kølefryseskab
181,Dometic Cool-Ice køleboks DCI55 | Elgiganten,1966.-,https://www.elgiganten.dk/product/hvidevarer/koleskabe-fryseskabe/koletaske-og-koleboks/dometic-cool-ice-koleboks-dci55/174802,Dometic,Køletaske og køleboks
182,Samsung side-by-side-kølefryseskab RH68B8841B1/EF | Elgiganten,15681.-,https://www.elgiganten.dk/product/hvidevarer/koleskabe-fryseskabe/amerikanerkoleskab/samsung-side-by-side-kolefryseskab-rh68b8841b1ef/455360,Samsung,Amerikanerkøleskab
183,Samsung fryser RZ32C7BB6WW/EF | Elgiganten,10999.-,https://www.elgiganten.dk/product/hvidevarer/koleskabe-fryseskabe/skabsfryser/samsung-fryser-rz32c7bb6wwef/613876,Samsung,Skabsfryser
184,Dometic køleboks DCFX335 | Elgiganten,6399.-,https://www.elgiganten.dk/product/hvidevarer/koleskabe-fryseskabe/koletaske-og-koleboks/dometic-koleboks-dcfx335/148667,Dometic,Køletaske og køleboks
185,Electrolux fryser LUT6NE18C indbygget | Elgiganten,7873.-,https://www.elgiganten.dk/product/hvidevarer/koleskabe-fryseskabe/skabsfryser/electrolux-fryser-lut6ne18c-indbygget/174873,Electrolux,Skabsfryser
186,Dometic køleboks DCFX355 | Elgiganten,7519.-,https://www.elgiganten.dk/product/hvidevarer/koleskabe-fryseskabe/koletaske-og-koleboks/dometic-koleboks-dcfx355/148659,Dometic,Køletaske og køleboks
187,Miele kølefryseskab KFN4374ED el | Elgiganten,7209.-,https://www.elgiganten.dk/product/hvidevarer/koleskabe-fryseskabe/kolefryseskab/miele-kolefryseskab-kfn4374ed-el/494388,Miele,Kølefryseskab
188,LG køle-/fryseskab GBV7180CSW | Elgiganten,9999.-,https://www.elgiganten.dk/product/hvidevarer/koleskabe-fryseskabe/kolefryseskab/lg-kole-fryseskab-gbv7180csw/639067,LG,Kølefryseskab
189,Mobicool Coca Cola Fresh 5 køletaske MOBICOOLCCF5 | Elgiganten,119.-,https://www.elgiganten.dk/product/hvidevarer/koleskabe-fryseskabe/koletaske-og-koleboks/mobicool-coca-cola-fresh-5-koletaske-mobicoolccf5/294815,MOBICOOL,Køletaske og køleboks
190,LG kølefryseskab GBV5140DPY | Elgiganten,9299.-,https://www.elgiganten.dk/product/hvidevarer/koleskabe-fryseskabe/kolefryseskab/lg-kolefryseskab-gbv5140dpy/603780,LG,Kølefryseskab
191,Dometic køleboks DCFX325 | Elgiganten,7151.-,https://www.elgiganten.dk/product/hvidevarer/koleskabe-fryseskabe/koletaske-og-koleboks/dometic-koleboks-dcfx325/277668,Dometic,Køletaske og køleboks
192,Samsung køle-/fryseskab RB38C607AB1/EF | Elgiganten,12749.-,https://www.elgiganten.dk/product/hvidevarer/koleskabe-fryseskabe/kolefryseskab/samsung-kole-fryseskab-rb38c607ab1ef/680243,Samsung,Kølefryseskab
193,Samsung kølefryseskab RB34T602EWW/EF | Elgiganten,5830.-,https://www.elgiganten.dk/product/hvidevarer/koleskabe-fryseskabe/kolefryseskab/samsung-kolefryseskab-rb34t602ewwef/613860,Samsung,Kølefryseskab
194,Samsung køle-/fryseskab RB38C607AS9/EF | Elgiganten,12119.-,https://www.elgiganten.dk/product/hvidevarer/koleskabe-fryseskabe/kolefryseskab/samsung-kole-fryseskab-rb38c607as9ef/680242,Samsung,Kølefryseskab
195,LG køle/fryseskab GBB92MCB2P | Elgiganten,17999.-,https://www.elgiganten.dk/product/hvidevarer/koleskabe-fryseskabe/kolefryseskab/lg-kolefryseskab-gbb92mcb2p/603781,LG,Kølefryseskab
196,Smeg 50 s Style køleskab FAB10HRCR5 | Elgiganten,10495.-,https://www.elgiganten.dk/product/hvidevarer/koleskabe-fryseskabe/koleskab/smeg-50-s-style-koleskab-fab10hrcr5/292455,Smeg,Køleskab
197,LG kølefryseskab GBV7280CPY | Elgiganten,10899.-,https://www.elgiganten.dk/product/hvidevarer/koleskabe-fryseskabe/kolefryseskab/lg-kolefryseskab-gbv7280cpy/603761,LG,Kølefryseskab
198,Samsung kølefryseskab RL38T602FS9 | Elgiganten,6497.-,https://www.elgiganten.dk/product/hvidevarer/koleskabe-fryseskabe/kolefryseskab/samsung-kolefryseskab-rl38t602fs9/173108,Samsung,Kølefryseskab
199,Dometic Cool-Ice køleboks DCI85W | Elgiganten,2958.-,https://www.elgiganten.dk/product/hvidevarer/koleskabe-fryseskabe/koletaske-og-koleboks/dometic-cool-ice-koleboks-dci85w/174801,Dometic,Køletaske og køleboks
200,Samsung kølefryseskab BRD27713EWW integreret | Elgiganten,14999.-,https://www.elgiganten.dk/product/hvidevarer/koleskabe-fryseskabe/koleskab/samsung-kolefryseskab-brd27713eww-integreret/586713,Samsung,Køleskab
201,Mobicool Holiday kølende rygsæk MOBICOOLHB20 | Elgiganten,169.-,https://www.elgiganten.dk/product/hvidevarer/koleskabe-fryseskabe/koletaske-og-koleboks/mobicool-holiday-kolende-rygsak-mobicoolhb20/294814,MOBICOOL,Køletaske og køleboks
202,Samsung køleskab RR39C7BC6WW/EF | Elgiganten,9473.-,https://www.elgiganten.dk/product/hvidevarer/koleskabe-fryseskabe/koleskab/samsung-koleskab-rr39c7bc6wwef/613865,Samsung,Køleskab
203,Miele fryser FNS4382EwsNEU2 | Elgiganten,7373.-,https://www.elgiganten.dk/product/hvidevarer/koleskabe-fryseskabe/skabsfryser/miele-fryser-fns4382ewsneu2/494390,Miele,Skabsfryser
204,Miele fryser FNS4382EelNEU2 | Elgiganten,7999.-,https://www.elgiganten.dk/product/hvidevarer/koleskabe-fryseskabe/skabsfryser/miele-fryser-fns4382eelneu2/494391,Miele,Skabsfryser
205,Miele kølefryseskab KDN4074E | Elgiganten,6406.-,https://www.elgiganten.dk/product/hvidevarer/koleskabe-fryseskabe/kolefryseskab/miele-kolefryseskab-kdn4074e/494385,Miele,Kølefryseskab
206,Liebherr køle/fryseskab CBNsfd 5223-20 001 | Elgiganten,12073.-,https://www.elgiganten.dk/product/hvidevarer/koleskabe-fryseskabe/kolefryseskab/liebherr-kolefryseskab-cbnsfd-5223-20-001/469339,Liebherr,Kølefryseskab
207,Bosch Køl/frys kombination KIV875SE0 | Elgiganten,6999.-,https://www.elgiganten.dk/product/hvidevarer/koleskabe-fryseskabe/kolefryseskab/bosch-kolfrys-kombination-kiv875se0/673689,Bosch,Kølefryseskab
208,Temptech minikøleskab VINT450BLACK | Elgiganten,999.-,https://www.elgiganten.dk/product/hvidevarer/koleskabe-fryseskabe/minikoleskab/temptech-minikoleskab-vint450black/355463,Temptech,Minikøleskab
209,Liebherr køleskab/fryser TP141422001 | Elgiganten,4039.-,https://www.elgiganten.dk/product/hvidevarer/koleskabe-fryseskabe/koleskab/liebherr-koleskabfryser-tp141422001/319736,Liebherr,Køleskab
210,Dometic køleboks DCFF35 | Elgiganten,5199.-,https://www.elgiganten.dk/product/hvidevarer/koleskabe-fryseskabe/koletaske-og-koleboks/dometic-koleboks-dcff35/277666,Dometic,Køletaske og køleboks
211,Mobicool Coca Cola Fresh 20 blød kølertaske MOBICOOLCCF20 | Elgiganten,139.-,https://www.elgiganten.dk/product/hvidevarer/koleskabe-fryseskabe/koletaske-og-koleboks/mobicool-coca-cola-fresh-20-blod-kolertaske-mobicoolccf20/297649,MOBICOOL,Køletaske og køleboks
212,Electrolux køleskab LXB1AE13W0 | Elgiganten,1999.-,https://www.elgiganten.dk/product/hvidevarer/koleskabe-fryseskabe/koleskab/electrolux-koleskab-lxb1ae13w0/194052,Electrolux,Køleskab
213,LG fryser GFE41PZGSZ | Elgiganten,9499.-,https://www.elgiganten.dk/product/hvidevarer/koleskabe-fryseskabe/skabsfryser/lg-fryser-gfe41pzgsz/432387,LG,Skabsfryser
214,Miele integreret fryser FNS7770E | Elgiganten,21794.-,https://www.elgiganten.dk/product/hvidevarer/koleskabe-fryseskabe/skabsfryser/miele-integreret-fryser-fns7770e/466507,Miele,Skabsfryser
215,Samsung køleskab RR39M70107F/EF | Elgiganten,6499.-,https://www.elgiganten.dk/product/hvidevarer/koleskabe-fryseskabe/koleskab/samsung-koleskab-rr39m70107fef/431809,Samsung,Køleskab
216,LG køleskab GLE51SWGSZ | Elgiganten,9999.-,https://www.elgiganten.dk/product/hvidevarer/koleskabe-fryseskabe/koleskab/lg-koleskab-gle51swgsz/432380,LG,Køleskab
217,Dometic Cool-Ice køleboks DCI42 | Elgiganten,2121.-,https://www.elgiganten.dk/product/hvidevarer/koleskabe-fryseskabe/koletaske-og-koleboks/dometic-cool-ice-koleboks-dci42/26398,Dometic,Køletaske og køleboks
218,Whirlpool kølefryseskab W5 711E W 1 | Elgiganten,2899.-,https://www.elgiganten.dk/product/hvidevarer/koleskabe-fryseskabe/kolefryseskab/whirlpool-kolefryseskab-w5-711e-w-1/207676,Whirlpool,Kølefryseskab
219,LG kølefryseskab GBB92MCABP | Elgiganten,10349.-,https://www.elgiganten.dk/product/hvidevarer/koleskabe-fryseskabe/kolefryseskab/lg-kolefryseskab-gbb92mcabp/432381,LG,Kølefryseskab
220,LG kølefryseskab GBB61SWJMN (hvid) | Elgiganten,5714.-,https://www.elgiganten.dk/product/hvidevarer/koleskabe-fryseskabe/kolefryseskab/lg-kolefryseskab-gbb61swjmn-hvid/299088,LG,Kølefryseskab
221,Bosch Køleskab KIR41VFE0 (N/A) | Elgiganten,5753.-,https://www.elgiganten.dk/product/hvidevarer/koleskabe-fryseskabe/koleskab/bosch-koleskab-kir41vfe0-na/546232,Bosch,Køleskab
222,LG køle-/fryseskab GBV7280CSW | Elgiganten,10499.-,https://www.elgiganten.dk/product/hvidevarer/koleskabe-fryseskabe/kolefryseskab/lg-kole-fryseskab-gbv7280csw/639066,LG,Kølefryseskab
223,Hisense kølefryseskab RB390N4BWE1 | Elgiganten,4499.-,https://www.elgiganten.dk/product/hvidevarer/koleskabe-fryseskabe/kolefryseskab/hisense-kolefryseskab-rb390n4bwe1/443301,Hisense,Kølefryseskab
224,Samsung side-by-side-kølefryseskab RS68CG883EB1EF | Elgiganten,14999.-,https://www.elgiganten.dk/product/hvidevarer/koleskabe-fryseskabe/amerikanerkoleskab/samsung-side-by-side-kolefryseskab-rs68cg883eb1ef/623942,Samsung,Amerikanerkøleskab
225,Logik køleskab LUL55W23E | Elgiganten,1299.-,https://www.elgiganten.dk/product/hvidevarer/koleskabe-fryseskabe/koleskab/logik-koleskab-lul55w23e/633642,Logik,Køleskab
226,Bosch Køl/frys kombination KIN86NSE0 | Elgiganten,7999.-,https://www.elgiganten.dk/product/hvidevarer/koleskabe-fryseskabe/kolefryseskab/bosch-kolfrys-kombination-kin86nse0/673707,Bosch,Kølefryseskab
227,Miele kølefryseskab KFN4394ED ws | Elgiganten,7341.-,https://www.elgiganten.dk/product/hvidevarer/koleskabe-fryseskabe/kolefryseskab/miele-kolefryseskab-kfn4394ed-ws/494378,Miele,Kølefryseskab
228,Hisense køleskab RIL391D4BWE indbygget | Elgiganten,6999.-,https://www.elgiganten.dk/product/hvidevarer/koleskabe-fryseskabe/koleskab/hisense-koleskab-ril391d4bwe-indbygget/312542,Hisense,Køleskab
229,Samsung side-by-side-kølefryseskab RS68CG883ES9EF | Elgiganten,12749.-,https://www.elgiganten.dk/product/hvidevarer/koleskabe-fryseskabe/amerikanerkoleskab/samsung-side-by-side-kolefryseskab-rs68cg883es9ef/623943,Samsung,Amerikanerkøleskab
230,Dometic Cool-Ice køleboks DCI85 | Elgiganten,2919.-,https://www.elgiganten.dk/product/hvidevarer/koleskabe-fryseskabe/koletaske-og-koleboks/dometic-cool-ice-koleboks-dci85/174787,Dometic,Køletaske og køleboks
231,Beko køle-/fryseskab B5RCNA365HW | Elgiganten,3888.-,https://www.elgiganten.dk/product/hvidevarer/koleskabe-fryseskabe/kolefryseskab/beko-kole-fryseskab-b5rcna365hw/653485,Beko,Kølefryseskab
232,Bosch Køl/frys kombination KIN96SFD0 | Elgiganten,8749.-,https://www.elgiganten.dk/product/hvidevarer/koleskabe-fryseskabe/kolefryseskab/bosch-kolfrys-kombination-kin96sfd0/673709,Bosch,Kølefryseskab
233,Dometic køleboks DCFX355IM | Elgiganten,9274.-,https://www.elgiganten.dk/product/hvidevarer/koleskabe-fryseskabe/koletaske-og-koleboks/dometic-koleboks-dcfx355im/148666,Dometic,Køletaske og køleboks
234,Electrolux køle/fryseskabskombination LTB1AF14W0 (hvid) | Elgiganten,3499.-,https://www.elgiganten.dk/product/hvidevarer/koleskabe-fryseskabe/kolefryseskab/electrolux-kolefryseskabskombination-ltb1af14w0-hvid/194056,Electrolux,Kølefryseskab
235,Electrolux Køleskab LRC4AE35W | Elgiganten,5796.-,https://www.elgiganten.dk/product/hvidevarer/koleskabe-fryseskabe/koleskab/electrolux-koleskab-lrc4ae35w/343342,Electrolux,Køleskab
236,Smeg kølefryseskab FA3905LX5 | Elgiganten,23495.-,https://www.elgiganten.dk/product/hvidevarer/koleskabe-fryseskabe/kolefryseskab/smeg-kolefryseskab-fa3905lx5/318479,Smeg,Kølefryseskab
237,Dometic Cool-Ice køleboks DWCI22G | Elgiganten,1199.-,https://www.elgiganten.dk/product/hvidevarer/koleskabe-fryseskabe/koletaske-og-koleboks/dometic-cool-ice-koleboks-dwci22g/24209,Dometic,Køletaske og køleboks
238,Electrolux Køleskab LRB1AF24W | Elgiganten,4799.-,https://www.elgiganten.dk/product/hvidevarer/koleskabe-fryseskabe/koleskab/electrolux-koleskab-lrb1af24w/279581,Electrolux,Køleskab
239,Indesit køleskab SI8A1QW2 | Elgiganten,3999.-,https://www.elgiganten.dk/product/hvidevarer/koleskabe-fryseskabe/koleskab/indesit-koleskab-si8a1qw2/297622,Indesit,Køleskab
240,Miele kølefryseskab KDN4074E | Elgiganten,6455.-,https://www.elgiganten.dk/product/hvidevarer/koleskabe-fryseskabe/kolefryseskab/miele-kolefryseskab-kdn4074e/494394,Miele,Kølefryseskab
241,Ukonic Minecraft TNT Blok Mini Køleskab | Elgiganten,799.-,https://www.elgiganten.dk/product/hvidevarer/koleskabe-fryseskabe/minikoleskab/ukonic-minecraft-tnt-blok-mini-koleskab/697951,UKONIC,Minikøleskab
242,Dometic Cool-Ice køleboks DWCI22 | Elgiganten,1199.-,https://www.elgiganten.dk/product/hvidevarer/koleskabe-fryseskabe/koletaske-og-koleboks/dometic-cool-ice-koleboks-dwci22/174783,Dometic,Køletaske og køleboks
243,LG kølefryseskab GBV7180CEV | Elgiganten,10399.-,https://www.elgiganten.dk/product/hvidevarer/koleskabe-fryseskabe/kolefryseskab/lg-kolefryseskab-gbv7180cev/603772,LG,Kølefryseskab
244,Samsung fryser RZ32M7005B1/EF | Elgiganten,7499.-,https://www.elgiganten.dk/product/hvidevarer/koleskabe-fryseskabe/skabsfryser/samsung-fryser-rz32m7005b1ef/431806,Samsung,Skabsfryser
245,Dometic Cool-Ice køleboks DWCI13 | Elgiganten,899.-,https://www.elgiganten.dk/product/hvidevarer/koleskabe-fryseskabe/koletaske-og-koleboks/dometic-cool-ice-koleboks-dwci13/174788,Dometic,Køletaske og køleboks
246,Miele kølefryseskab KFN4374ED ws | Elgiganten,7209.-,https://www.elgiganten.dk/product/hvidevarer/koleskabe-fryseskabe/kolefryseskab/miele-kolefryseskab-kfn4374ed-ws/494382,Miele,Kølefryseskab
247,Mobicool Coca Cola Classic 5 køletaske MOBICOOLCCC5 (rød) | Elgiganten,99.-,https://www.elgiganten.dk/product/hvidevarer/koleskabe-fryseskabe/koletaske-og-koleboks/mobicool-coca-cola-classic-5-koletaske-mobicoolccc5-rod/294806,MOBICOOL,Køletaske og køleboks
248,LG fryser GFE41SWGSZ | Elgiganten,8999.-,https://www.elgiganten.dk/product/hvidevarer/koleskabe-fryseskabe/skabsfryser/lg-fryser-gfe41swgsz/432384,LG,Skabsfryser
249,Smeg 50’s Style kølefryseskab FAB30LWH5 (hvid) | Elgiganten,17995.-,https://www.elgiganten.dk/product/hvidevarer/koleskabe-fryseskabe/kolefryseskab/smeg-50s-style-kolefryseskab-fab30lwh5-hvid/211115,Smeg,Kølefryseskab
250,Bosch Series 4 fryseskab GSV36VWEV | Elgiganten,5333.-,https://www.elgiganten.dk/product/hvidevarer/koleskabe-fryseskabe/skabsfryser/bosch-series-4-fryseskab-gsv36vwev/25627,Bosch,Skabsfryser
251,Electrolux Fryser EUT6NE18S indbygget | Elgiganten,8695.-,https://www.elgiganten.dk/product/hvidevarer/koleskabe-fryseskabe/skabsfryser/electrolux-fryser-eut6ne18s-indbygget/653489,Electrolux,Skabsfryser
252,Indesit kølefryseskab LI8S1EW (hvid) | Elgiganten,3724.-,https://www.elgiganten.dk/product/hvidevarer/koleskabe-fryseskabe/kolefryseskab/indesit-kolefryseskab-li8s1ew-hvid/227936,Indesit,Kølefryseskab
253,Electrolux Fryser LUT2NE32W | Elgiganten,4764.-,https://www.elgiganten.dk/product/hvidevarer/koleskabe-fryseskabe/skabsfryser/electrolux-fryser-lut2ne32w/507654,Electrolux,Skabsfryser
254,Electrolux Køl/frys kombination ENS8TE19S | Elgiganten,10499.-,https://www.elgiganten.dk/product/hvidevarer/koleskabe-fryseskabe/kolefryseskab/electrolux-kolfrys-kombination-ens8te19s/509163,Electrolux,Kølefryseskab
255,Electrolux 300 fryser LYB1AE8W0 (hvid) | Elgiganten,3863.-,https://www.elgiganten.dk/product/hvidevarer/koleskabe-fryseskabe/skabsfryser/electrolux-300-fryser-lyb1ae8w0-hvid/194054,Electrolux,Skabsfryser
256,Whirlpool kommercielt køleskab ADN2212 | Elgiganten,16395.-,https://www.elgiganten.dk/product/hvidevarer/koleskabe-fryseskabe/koleskab/whirlpool-kommercielt-koleskab-adn2212/455246,Whirlpool,Køleskab
257,LG kølefryseskab GBV5140DSW | Elgiganten,8799.-,https://www.elgiganten.dk/product/hvidevarer/koleskabe-fryseskabe/kolefryseskab/lg-kolefryseskab-gbv5140dsw/603777,LG,Kølefryseskab
258,Bosch Køleskab KIR81VFE0 | Elgiganten,7559.-,https://www.elgiganten.dk/product/hvidevarer/koleskabe-fryseskabe/koleskab/bosch-koleskab-kir81vfe0/673699,Bosch,Køleskab
259,Bosch køleskab KIR81ADE0 indbygget | Elgiganten,6431.-,https://www.elgiganten.dk/product/hvidevarer/koleskabe-fryseskabe/koleskab/bosch-koleskab-kir81ade0-indbygget/204832,Bosch,Køleskab
260,Miele Køleskab KS 4783 ED N (Sort ståldør) | Elgiganten,11895.-,https://www.elgiganten.dk/product/hvidevarer/koleskabe-fryseskabe/koleskab/miele-koleskab-ks-4783-ed-n-sort-staldor/608325,Miele,Køleskab
261,Miele fryser FNS4882D edt/cs N EU2 | Elgiganten,16495.-,https://www.elgiganten.dk/product/hvidevarer/koleskabe-fryseskabe/skabsfryser/miele-fryser-fns4882d-edtcs-n-eu2/494392,Miele,Skabsfryser
262,Ukonic Minecraft Creeper-figur Mini Køleskab | Elgiganten,899.-,https://www.elgiganten.dk/product/hvidevarer/koleskabe-fryseskabe/minikoleskab/ukonic-minecraft-creeper-figur-mini-koleskab/697948,UKONIC,Minikøleskab
263,Electrolux kølefryseskab LNT5ME36W1 (Hvid) | Elgiganten,8499.-,https://www.elgiganten.dk/product/hvidevarer/koleskabe-fryseskabe/kolefryseskab/electrolux-kolefryseskab-lnt5me36w1-hvid/608140,Electrolux,Kølefryseskab
264,Miele Fryser FNS 4782 E N (Sort ståldør) | Elgiganten,12895.-,https://www.elgiganten.dk/product/hvidevarer/koleskabe-fryseskabe/skabsfryser/miele-fryser-fns-4782-e-n-sort-staldor/608324,Miele,Skabsfryser
265,Electrolux fryseskab LUS1AF28W (hvid) | Elgiganten,4999.-,https://www.elgiganten.dk/product/hvidevarer/koleskabe-fryseskabe/skabsfryser/electrolux-fryseskab-lus1af28w-hvid/201701,Electrolux,Skabsfryser
266,Miele køleskab KS4783ED ws N | Elgiganten,10495.-,https://www.elgiganten.dk/product/hvidevarer/koleskabe-fryseskabe/koleskab/miele-koleskab-ks4783ed-ws-n/494379,Miele,Køleskab
267,LG køleskab GLT51PZGSZ | Elgiganten,6225.-,https://www.elgiganten.dk/product/hvidevarer/koleskabe-fryseskabe/koleskab/lg-koleskab-glt51pzgsz/193017,LG,Køleskab
268,LG side by side kølefryseskab GSXV90MCDE Craft Ice (sort) | Elgiganten,22458.-,https://www.elgiganten.dk/product/hvidevarer/koleskabe-fryseskabe/amerikanerkoleskab/lg-side-by-side-kolefryseskab-gsxv90mcde-craft-ice-sort/299099,LG,Amerikanerkøleskab
269,Electrolux Køleskab LRT5ME38U2 (Rustfrit stål) | Elgiganten,8499.-,https://www.elgiganten.dk/product/hvidevarer/koleskabe-fryseskabe/koleskab/electrolux-koleskab-lrt5me38u2-rustfrit-stal/626810,Electrolux,Køleskab
270,Miele køleskab KS4383ED el N | Elgiganten,7399.-,https://www.elgiganten.dk/product/hvidevarer/koleskabe-fryseskabe/koleskab/miele-koleskab-ks4383ed-el-n/494381,Miele,Køleskab
271,Logik køleskab LUR55W23E | Elgiganten,1499.-,https://www.elgiganten.dk/product/hvidevarer/koleskabe-fryseskabe/koleskab/logik-koleskab-lur55w23e/633647,Logik,Køleskab
272,Marshall køleskab MF32BLKEU | Elgiganten,3499.-,https://www.elgiganten.dk/product/hvidevarer/koleskabe-fryseskabe/minikoleskab/marshall-koleskab-mf32blkeu/195913,Marshall,Minikøleskab
273,Bosch Series 4 fryser GSN36VLFP (inox-look) | Elgiganten,6262.-,https://www.elgiganten.dk/product/hvidevarer/koleskabe-fryseskabe/skabsfryser/bosch-series-4-fryser-gsn36vlfp-inox-look/204867,Bosch,Skabsfryser
274,Liebherr frys GPesf1476-21001 | Elgiganten,6552.-,https://www.elgiganten.dk/product/hvidevarer/koleskabe-fryseskabe/skabsfryser/liebherr-frys-gpesf1476-21001/309629,Liebherr,Skabsfryser
275,Electrolux køleskab LRS1DF39W | Elgiganten,4195.-,https://www.elgiganten.dk/product/hvidevarer/koleskabe-fryseskabe/koleskab/electrolux-koleskab-lrs1df39w/201677,Electrolux,Køleskab
276,Miele køleskab K7743E indbygget | Elgiganten,12538.-,https://www.elgiganten.dk/product/hvidevarer/koleskabe-fryseskabe/koleskab/miele-koleskab-k7743e-indbygget/321211,Miele,Køleskab
277,Beko køleskab BU1103N indbygget | Elgiganten,2767.-,https://www.elgiganten.dk/product/hvidevarer/koleskabe-fryseskabe/koleskab/beko-koleskab-bu1103n-indbygget/195879,Beko,Køleskab
278,Logik køle-/fryseskab LDD85W23E | Elgiganten,1499.-,https://www.elgiganten.dk/product/hvidevarer/koleskabe-fryseskabe/kolefryseskab/logik-kole-fryseskab-ldd85w23e/633649,Logik,Kølefryseskab
279,Bosch Køl/frys kombination KIN96NSE0 | Elgiganten,8373.-,https://www.elgiganten.dk/product/hvidevarer/koleskabe-fryseskabe/kolefryseskab/bosch-kolfrys-kombination-kin96nse0/673714,Bosch,Kølefryseskab
280,Dometic TropiCool køleboks DTCX35 | Elgiganten,2106.-,https://www.elgiganten.dk/product/hvidevarer/koleskabe-fryseskabe/koletaske-og-koleboks/dometic-tropicool-koleboks-dtcx35/277671,Dometic,Køletaske og køleboks
281,Miele køleskab/fryser KFN7733F indbygget | Elgiganten,14110.-,https://www.elgiganten.dk/product/hvidevarer/koleskabe-fryseskabe/kolefryseskab/miele-koleskabfryser-kfn7733f-indbygget/321213,Miele,Kølefryseskab
282,Samsung fryser RZ32C7CB6B1/EF | Elgiganten,11499.-,https://www.elgiganten.dk/product/hvidevarer/koleskabe-fryseskabe/skabsfryser/samsung-fryser-rz32c7cb6b1ef/613867,Samsung,Skabsfryser
283,Electrolux Kølefryseskab LNT5ME36U1 | Elgiganten,8999.-,https://www.elgiganten.dk/product/hvidevarer/koleskabe-fryseskabe/kolefryseskab/electrolux-kolefryseskab-lnt5me36u1/608139,Electrolux,Kølefryseskab
284,Gram Fresh 4000 køleskab LC4441861 | Elgiganten,4999.-,https://www.elgiganten.dk/product/hvidevarer/koleskabe-fryseskabe/koleskab/gram-fresh-4000-koleskab-lc4441861/218597,Gram,Køleskab
285,Electrolux kølefryseskab LNT3LE31W1R (hvid) | Elgiganten,5138.-,https://www.elgiganten.dk/product/hvidevarer/koleskabe-fryseskabe/kolefryseskab/electrolux-kolefryseskab-lnt3le31w1r-hvid/202324,Electrolux,Kølefryseskab
286,Edward minikøleskab 81914461 | Elgiganten,3350.-,https://www.elgiganten.dk/product/hvidevarer/koleskabe-fryseskabe/minikoleskab/edward-minikoleskab-81914461/498756,Edward,Minikøleskab
287,Electrolux kølefryseskab LNT3LE31X1 | Elgiganten,4914.-,https://www.elgiganten.dk/product/hvidevarer/koleskabe-fryseskabe/kolefryseskab/electrolux-kolefryseskab-lnt3le31x1/214932,Electrolux,Kølefryseskab
288,LG køleskab GLT51SWGSZ | Elgiganten,6678.-,https://www.elgiganten.dk/product/hvidevarer/koleskabe-fryseskabe/koleskab/lg-koleskab-glt51swgsz/193015,LG,Køleskab
289,Delonghi opretstående fryser DUF55W22E | Elgiganten,1799.-,https://www.elgiganten.dk/product/hvidevarer/koleskabe-fryseskabe/skabsfryser/delonghi-opretstaende-fryser-duf55w22e/452750,Delonghi,Skabsfryser
290,Electrolux Kølefryseskab LTB1AF24W0 | Elgiganten,3273.-,https://www.elgiganten.dk/product/hvidevarer/koleskabe-fryseskabe/kolefryseskab/electrolux-kolefryseskab-ltb1af24w0/194053,Electrolux,Kølefryseskab
291,Hisense fryser FIV276N4AWF indbygget | Elgiganten,4999.-,https://www.elgiganten.dk/product/hvidevarer/koleskabe-fryseskabe/skabsfryser/hisense-fryser-fiv276n4awf-indbygget/298825,Hisense,Skabsfryser
292,Bosch køleskab KSV36VXEP | Elgiganten,7499.-,https://www.elgiganten.dk/product/hvidevarer/koleskabe-fryseskabe/koleskab/bosch-koleskab-ksv36vxep/351449,Bosch,Køleskab
293,Electrolux side-by-side-kølefryseskab LLI9VF54X0 (sølv) | Elgiganten,18999.-,https://www.elgiganten.dk/product/hvidevarer/koleskabe-fryseskabe/amerikanerkoleskab/electrolux-side-by-side-kolefryseskab-lli9vf54x0-solv/215976,Electrolux,Amerikanerkøleskab
294,Liebherr Comfort køleskab TP141022057 | Elgiganten,3299.-,https://www.elgiganten.dk/product/hvidevarer/koleskabe-fryseskabe/koleskab/liebherr-comfort-koleskab-tp141022057/195776,Liebherr,Køleskab
295,Dometic CombiCool køleboks DCCACX340G | Elgiganten,6149.-,https://www.elgiganten.dk/product/hvidevarer/koleskabe-fryseskabe/koletaske-og-koleboks/dometic-combicool-koleboks-dccacx340g/294818,Dometic,Køletaske og køleboks
296,Electrolux kølefryseskab LNT7ME32M1 (Sort) | Elgiganten,8499.-,https://www.elgiganten.dk/product/hvidevarer/koleskabe-fryseskabe/kolefryseskab/electrolux-kolefryseskab-lnt7me32m1-sort/243613,Electrolux,Kølefryseskab
297,LG kølefryseskab GBV7280CEV | Elgiganten,10999.-,https://www.elgiganten.dk/product/hvidevarer/koleskabe-fryseskabe/kolefryseskab/lg-kolefryseskab-gbv7280cev/603768,LG,Kølefryseskab
298,Gram køle-/fryseskab KC 314185 | Elgiganten,4499.-,https://www.elgiganten.dk/product/hvidevarer/koleskabe-fryseskabe/kolefryseskab/gram-kole-fryseskab-kc-314185/647987,Gram,Kølefryseskab
299,Electrolux Fryser LUT5NE28W2 (Hvid) | Elgiganten,8999.-,https://www.elgiganten.dk/product/hvidevarer/koleskabe-fryseskabe/skabsfryser/electrolux-fryser-lut5ne28w2-hvid/626812,Electrolux,Skabsfryser
300,Bosch Køleskab KIL82VFE0 Integreret | Elgiganten,8063.-,https://www.elgiganten.dk/product/hvidevarer/koleskabe-fryseskabe/koleskab/bosch-koleskab-kil82vfe0-integreret/755949,Bosch,Køleskab
301,LG kølefryseskab GBV7280CEV | Elgiganten,10999.-,https://www.elgiganten.dk/product/hvidevarer/koleskabe-fryseskabe/kolefryseskab/lg-kolefryseskab-gbv7280cev/603768,LG,Kølefryseskab
302,Gram køle-/fryseskab KC 314185 | Elgiganten,4499.-,https://www.elgiganten.dk/product/hvidevarer/koleskabe-fryseskabe/kolefryseskab/gram-kole-fryseskab-kc-314185/647987,Gram,Kølefryseskab
303,Electrolux Fryser LUT5NE28W2 (Hvid) | Elgiganten,8999.-,https://www.elgiganten.dk/product/hvidevarer/koleskabe-fryseskabe/skabsfryser/electrolux-fryser-lut5ne28w2-hvid/626812,Electrolux,Skabsfryser
304,Bosch Køleskab KIL82VFE0 Integreret | Elgiganten,8063.-,https://www.elgiganten.dk/product/hvidevarer/koleskabe-fryseskabe/koleskab/bosch-koleskab-kil82vfe0-integreret/755949,Bosch,Køleskab
305,Hisense side-by-side RS711N4WFD | Elgiganten,11495.-,https://www.elgiganten.dk/product/hvidevarer/koleskabe-fryseskabe/amerikanerkoleskab/hisense-side-by-side-rs711n4wfd/630145,Hisense,Amerikanerkøleskab
306,Dometic CoolFreeze køleboks DCDF236 | Elgiganten,4199.-,https://www.elgiganten.dk/product/hvidevarer/koleskabe-fryseskabe/koletaske-og-koleboks/dometic-coolfreeze-koleboks-dcdf236/294808,Dometic,Køletaske og køleboks
307,LG køleskab GLM71MBCSX | Elgiganten,10999.-,https://www.elgiganten.dk/product/hvidevarer/koleskabe-fryseskabe/koleskab/lg-koleskab-glm71mbcsx/299097,LG,Køleskab
308,Liebherr Premium fryser GP148621001 | Elgiganten,5999.-,https://www.elgiganten.dk/product/hvidevarer/koleskabe-fryseskabe/skabsfryser/liebherr-premium-fryser-gp148621001/198171,Liebherr,Skabsfryser
309,Whirlpool kølefryseskab W5911EW1 | Elgiganten,3999.-,https://www.elgiganten.dk/product/hvidevarer/koleskabe-fryseskabe/kolefryseskab/whirlpool-kolefryseskab-w5911ew1/207670,Whirlpool,Kølefryseskab
310,Whirlpool  kommercielt køleskab ADN2031/S | Elgiganten,7991.-,https://www.elgiganten.dk/product/hvidevarer/koleskabe-fryseskabe/koleskab/whirlpool-kommercielt-koleskab-adn2031s/353625,Whirlpool,Køleskab
311,Bosch Køleskab KUL22ADD0 | Elgiganten,5399.-,https://www.elgiganten.dk/product/hvidevarer/koleskabe-fryseskabe/koleskab/bosch-koleskab-kul22add0/736633,Bosch,Køleskab
312,Samsung kølefryseskab RL38T602FB1 (sort) | Elgiganten,7999.-,https://www.elgiganten.dk/product/hvidevarer/koleskabe-fryseskabe/kolefryseskab/samsung-kolefryseskab-rl38t602fb1-sort/173101,Samsung,Kølefryseskab
313,Beko kølefryseskab RCNE366E40ZXBRN | Elgiganten,6499.-,https://www.elgiganten.dk/product/hvidevarer/koleskabe-fryseskabe/kolefryseskab/beko-kolefryseskab-rcne366e40zxbrn/437779,Beko,Kølefryseskab
314,LG køle-/fryseskab GBP52PZNCN1 | Elgiganten,8999.-,https://www.elgiganten.dk/product/hvidevarer/koleskabe-fryseskabe/kolefryseskab/lg-kole-fryseskab-gbp52pzncn1/643003,LG,Kølefryseskab
315,Electrolux Kølefryseskab LNT3LF34W0 | Elgiganten,7099.-,https://www.elgiganten.dk/product/hvidevarer/koleskabe-fryseskabe/kolefryseskab/electrolux-kolefryseskab-lnt3lf34w0/496906,Electrolux,Kølefryseskab
316,Gram køle-/fryseskab KC312286NB | Elgiganten,6499.-,https://www.elgiganten.dk/product/hvidevarer/koleskabe-fryseskabe/kolefryseskab/gram-kole-fryseskab-kc312286nb/452706,Gram,Kølefryseskab
317,LG fryser GFT41PZGSZ (stål) | Elgiganten,7499.-,https://www.elgiganten.dk/product/hvidevarer/koleskabe-fryseskabe/skabsfryser/lg-fryser-gft41pzgsz-stal/193014,LG,Skabsfryser
318,Mobicool Holiday køletaske MOBICOOLH5L | Elgiganten,99.-,https://www.elgiganten.dk/product/hvidevarer/koleskabe-fryseskabe/koletaske-og-koleboks/mobicool-holiday-koletaske-mobicoolh5l/294802,MOBICOOL,Køletaske og køleboks
319,Logik minikøleskab LTTR40B23E | Elgiganten,999.-,https://www.elgiganten.dk/product/hvidevarer/koleskabe-fryseskabe/minikoleskab/logik-minikoleskab-lttr40b23e/633638,Logik,Minikøleskab
320,Samsung side-by-side RS68CG885DS9/EF | Elgiganten,12999.-,https://www.elgiganten.dk/product/hvidevarer/koleskabe-fryseskabe/amerikanerkoleskab/samsung-side-by-side-rs68cg885ds9ef/625906,Samsung,Amerikanerkøleskab
321,Hisense opretstående fryser FV358N4ECE | Elgiganten,6499.-,https://www.elgiganten.dk/product/hvidevarer/koleskabe-fryseskabe/skabsfryser/hisense-opretstaende-fryser-fv358n4ece/443145,Hisense,Skabsfryser
322,Beko kølefryseskab B1RCNE364XB | Elgiganten,6299.-,https://www.elgiganten.dk/product/hvidevarer/koleskabe-fryseskabe/kolefryseskab/beko-kolefryseskab-b1rcne364xb/584221,Beko,Kølefryseskab
323,Bosch opretstående fryser GTV15NWEA | Elgiganten,3621.-,https://www.elgiganten.dk/product/hvidevarer/koleskabe-fryseskabe/skabsfryser/bosch-opretstaende-fryser-gtv15nwea/199389,Bosch,Skabsfryser
324,Miele køleskab KS4383ED ws N | Elgiganten,6999.-,https://www.elgiganten.dk/product/hvidevarer/koleskabe-fryseskabe/koleskab/miele-koleskab-ks4383ed-ws-n/494383,Miele,Køleskab
